-- phpMyAdmin SQL Dump
-- version 4.5.1
-- http://www.phpmyadmin.net
--
-- Host: 127.0.0.1
-- Generation Time: 2019-05-16 19:53:35
-- 服务器版本： 10.1.19-MariaDB
-- PHP Version: 5.6.28

SET SQL_MODE = "NO_AUTO_VALUE_ON_ZERO";
SET time_zone = "+00:00";


/*!40101 SET @OLD_CHARACTER_SET_CLIENT=@@CHARACTER_SET_CLIENT */;
/*!40101 SET @OLD_CHARACTER_SET_RESULTS=@@CHARACTER_SET_RESULTS */;
/*!40101 SET @OLD_COLLATION_CONNECTION=@@COLLATION_CONNECTION */;
/*!40101 SET NAMES utf8mb4 */;

--
-- Database: `zheermao`
--

-- --------------------------------------------------------

--
-- 表的结构 `client`
--

CREATE TABLE `client` (
  `clientID` int(11) NOT NULL,
  `numbers` varchar(45) DEFAULT NULL,
  `company` varchar(45) DEFAULT NULL,
  `field` varchar(45) DEFAULT NULL,
  `product` varchar(45) DEFAULT NULL,
  `price` decimal(8,2) DEFAULT NULL,
  `quantity` int(9) DEFAULT NULL,
  `cost` decimal(8,2) DEFAULT NULL,
  `coupon` int(11) DEFAULT NULL,
  `couponStatus` tinyint(1) DEFAULT NULL,
  `dealDate` timestamp NOT NULL DEFAULT CURRENT_TIMESTAMP ON UPDATE CURRENT_TIMESTAMP,
  `dealTime` timestamp NOT NULL DEFAULT '0000-00-00 00:00:00'
) ENGINE=InnoDB DEFAULT CHARSET=utf8mb4;

--
-- 转存表中的数据 `client`
--

INSERT INTO `client` (`clientID`, `numbers`, `company`, `field`, `product`, `price`, `quantity`, `cost`, `coupon`, `couponStatus`, `dealDate`, `dealTime`) VALUES
(1, '这个猫', '哈哈哈', '测试', '32', '323.00', 2333, '33232.00', 1000, 1, '2019-05-16 15:25:06', '0000-00-00 00:00:00'),
(2, '测试', '混合', 'ok', 'ts', '33.00', 32, '323.00', 32, 1, '2019-05-16 15:54:53', '0000-00-00 00:00:00');

-- --------------------------------------------------------

--
-- 表的结构 `coupons`
--

CREATE TABLE `coupons` (
  `couponID` int(11) NOT NULL,
  `clientID` int(11) DEFAULT NULL,
  `coupons` varchar(110) DEFAULT NULL,
  `status` int(11) DEFAULT NULL
) ENGINE=InnoDB DEFAULT CHARSET=utf8mb4;

--
-- 转存表中的数据 `coupons`
--

INSERT INTO `coupons` (`couponID`, `clientID`, `coupons`, `status`) VALUES
(1, 1, 'h2ystsp8ss', NULL),
(2, 1, 'kdnqk649q9', NULL),
(3, 1, 'vm9e6j6h67', NULL),
(4, 1, 'y849tnzs8d', NULL),
(5, 1, 's8o9wp4kc9', NULL),
(6, 1, 'smzx9q2j4r', NULL),
(7, 1, '8oyrtuhowq', NULL),
(8, 1, '6hj2yjesxs', NULL),
(9, 1, 'n7q6upd8w8', NULL),
(10, 1, 'zgw6wp3qww', NULL),
(11, 1, '2ne8uapdmd', NULL),
(12, 1, 'v5uq8uzncr', NULL),
(13, 1, '42pd58a8dx', NULL),
(14, 1, 'xk2e2tjsvm', NULL),
(15, 1, '4funyyjr46', NULL),
(16, 1, '5y926z75y9', NULL),
(17, 1, '33xnayurya', NULL),
(18, 1, '9haf39ud2p', NULL),
(19, 1, 'k5d2br92d5', NULL),
(20, 1, 't9nq4yh2dw', NULL),
(21, 1, 'de7bjdxjsf', NULL),
(22, 1, '8ve2dq93wc', NULL),
(23, 1, 'x57v8amjbv', NULL),
(24, 1, 'g6jw25wadc', NULL),
(25, 1, 'gqe8q35mwa', NULL),
(26, 1, 'b36wyd2j8o', NULL),
(27, 1, 'cbc4j5kwhj', NULL),
(28, 1, 'zypyp655f9', NULL),
(29, 1, '3ox2bm7ohd', NULL),
(30, 1, 'y47u3zwk9g', NULL),
(31, 1, 'ndq4q92whh', NULL),
(32, 1, 'c32roabg7e', NULL),
(33, 1, 'rd5cnus9er', NULL),
(34, 1, 'ws29tonjyb', NULL),
(35, 1, 'xdg8qw8no9', NULL),
(36, 1, 'gyh2fxdmye', NULL),
(37, 1, '24zk62odxe', NULL),
(38, 1, 'd78m4srm6v', NULL),
(39, 1, '8quwzzhqee', NULL),
(40, 1, 'grr4r7pmhp', NULL),
(41, 1, 'shw7n86o4q', NULL),
(42, 1, 'z2hxd2tn67', NULL),
(43, 1, 'ygwdvhrxyz', NULL),
(44, 1, 'wxo5fjdo7a', NULL),
(45, 1, '4paokjfao4', NULL),
(46, 1, 'a4wzqthed7', NULL),
(47, 1, 'ptm73uyvok', NULL),
(48, 1, 'poba2dbs8y', NULL),
(49, 1, 'sffvapw8ta', NULL),
(50, 1, 'p64j4j7we2', NULL),
(51, 1, 'sqk2z4nmog', NULL),
(52, 1, 'gey2cuwjyo', NULL),
(53, 1, 'aydgezd44u', NULL),
(54, 1, 'jague3rung', NULL),
(55, 1, 'bvbnxvcart', NULL),
(56, 1, 'a8gocfwbzz', NULL),
(57, 1, 'qwat8cm5x7', NULL),
(58, 1, 'kwqp5stw2p', NULL),
(59, 1, 's4b76ugkra', NULL),
(60, 1, 'wk5u3xn24a', NULL),
(61, 1, 'o7sys9yon9', NULL),
(62, 1, 'pta7eu6y6s', NULL),
(63, 1, 'juo7k8wtam', NULL),
(64, 1, 'j8oy7up8wp', NULL),
(65, 1, 't8ef4sthsj', NULL),
(66, 1, 'torm8d4yxg', NULL),
(67, 1, 'sxpwtzfam2', NULL),
(68, 1, '4fgujnur8a', NULL),
(69, 1, 'n5qxwtwez2', NULL),
(70, 1, 'fe99zogo3p', NULL),
(71, 1, '4ngbjpsuce', NULL),
(72, 1, '3u43whc4eh', NULL),
(73, 1, 'u6bu3m78pc', NULL),
(74, 1, 'mwz6o4bjm7', NULL),
(75, 1, '3y24a27a6d', NULL),
(76, 1, 'vw45cvf9b9', NULL),
(77, 1, '2wdfbwkqaz', NULL),
(78, 1, 'g6e4tw37hj', NULL),
(79, 1, 'bqbfawfymu', NULL),
(80, 1, '2mst66gup9', NULL),
(81, 1, 'nhppxv5wjf', NULL),
(82, 1, 'gko5rcux4v', NULL),
(83, 1, 'vgdsbvoxz6', NULL),
(84, 1, '8h9bxm2yeg', NULL),
(85, 1, '6zsvmcbysc', NULL),
(86, 1, 'bvgmkryjok', NULL),
(87, 1, '5rrry3zzys', NULL),
(88, 1, 'gv7njdcwaf', NULL),
(89, 1, 'b88zj38psn', NULL),
(90, 1, 'ae4s6ddfr5', NULL),
(91, 1, 'z5jvezuvvn', NULL),
(92, 1, '6jmfy5h8bf', NULL),
(93, 1, 'g75xbozhte', NULL),
(94, 1, 'fqqaj8e444', NULL),
(95, 1, 'oysnwo2q4a', NULL),
(96, 1, 't8mw6p8j7a', NULL),
(97, 1, '79fm2becqg', NULL),
(98, 1, 'ua2pmmt5s4', NULL),
(99, 1, 'rz5vn8sz2q', NULL),
(100, 1, '33zha7jde5', NULL),
(101, 1, 'eg37t7f3oc', NULL),
(102, 1, '6coz9frvv5', NULL),
(103, 1, 'h9ork63j7e', NULL),
(104, 1, '3x2hj422oa', NULL),
(105, 1, '4u3dyryhdy', NULL),
(106, 1, 'znxbtvvwm2', NULL),
(107, 1, '4dmtyd5woa', NULL),
(108, 1, 'xk7rtqjrqc', NULL),
(109, 1, '5h76d3g42z', NULL),
(110, 1, 'xc68764zrt', NULL),
(111, 1, '4cnvac2trv', NULL),
(112, 1, 'cts52sv4xc', NULL),
(113, 1, '86fo7p84ho', NULL),
(114, 1, '7qpxte87ua', NULL),
(115, 1, '3fapc7s9f7', NULL),
(116, 1, 'o2gm8bywnj', NULL),
(117, 1, 'p5bm8n46t6', NULL),
(118, 1, 'm2mb9nay3z', NULL),
(119, 1, 'mzqdqspk99', NULL),
(120, 1, '9mwqof4kd3', NULL),
(121, 1, 'vn9awbgtog', NULL),
(122, 1, 'czykguurt7', NULL),
(123, 1, '5uatu9g37p', NULL),
(124, 1, 'btmyctxw99', NULL),
(125, 1, 'tnfwgy87wa', NULL),
(126, 1, '34vhb5mapd', NULL),
(127, 1, '6s79g7kbww', NULL),
(128, 1, 'aegfpwsgn2', NULL),
(129, 1, '5yrj8kd43y', NULL),
(130, 1, '8mpzoswq7v', NULL),
(131, 1, 'vn7ym8us7j', NULL),
(132, 1, '2wbuttf7q9', NULL),
(133, 1, 'rdk7q3cmxc', NULL),
(134, 1, 'w4jus5jbr8', NULL),
(135, 1, 'fjnp9skv2f', NULL),
(136, 1, 'q2ocqmutrv', NULL),
(137, 1, '4vcvrjnbs8', NULL),
(138, 1, 'pnnjmuxgb6', NULL),
(139, 1, 'ct2mewspjj', NULL),
(140, 1, 'vx5xskgpdu', NULL),
(141, 1, '4hpjtbe64u', NULL),
(142, 1, '5vqzbvn7jb', NULL),
(143, 1, 'fx2yspvpmw', NULL),
(144, 1, '9ko5br4bqx', NULL),
(145, 1, 'gae435pd2k', NULL),
(146, 1, 'p92d8ahbex', NULL),
(147, 1, 'q5whkv3ej2', NULL),
(148, 1, '99hvkkaf6a', NULL),
(149, 1, '5shxrhdnee', NULL),
(150, 1, '83z2qgmhvo', NULL),
(151, 1, '2fc2bxw4ka', NULL),
(152, 1, 'ymbwz8ynbm', NULL),
(153, 1, 'aqusfahtmz', NULL),
(154, 1, '8h33bbzhjd', NULL),
(155, 1, 'c9bmbyvc3a', NULL),
(156, 1, 'y8cmypv37b', NULL),
(157, 1, '88scu6tb75', NULL),
(158, 1, 'n2naa3xjtf', NULL),
(159, 1, 'dqcf3zjmoz', NULL),
(160, 1, 'axs52hdupy', NULL),
(161, 1, '38dw5x883j', NULL),
(162, 1, '93hck8o4vr', NULL),
(163, 1, 'wyc6o9n9ok', NULL),
(164, 1, 'bovfhvddce', NULL),
(165, 1, 'or3qje4uns', NULL),
(166, 1, 'eueuu5hfr3', NULL),
(167, 1, '2bgjxmdqyc', NULL),
(168, 1, 'uxbedykahx', NULL),
(169, 1, 'mzrzpkmq95', NULL),
(170, 1, 'uqtne38ts3', NULL),
(171, 1, 'og2jnrecvy', NULL),
(172, 1, 'mv3j4f95xp', NULL),
(173, 1, 'tjvehx38qw', NULL),
(174, 1, '3v7v7gu4ke', NULL),
(175, 1, 's7t5hhsa9x', NULL),
(176, 1, 't6e5pr58tz', NULL),
(177, 1, 'nokzuurxpw', NULL),
(178, 1, 'o9wjfpmfvt', NULL),
(179, 1, 'uxc2zgdcze', NULL),
(180, 1, '9bd345n462', NULL),
(181, 1, 'j3byycak5e', NULL),
(182, 1, 'qvypgetjbm', NULL),
(183, 1, '4u3ewq4fy6', NULL),
(184, 1, '8up66rjg6q', NULL),
(185, 1, 'gap5mawp47', NULL),
(186, 1, 'z5vcu2d38a', NULL),
(187, 1, 'ftxzbe4z32', NULL),
(188, 1, '5q6akfjqaa', NULL),
(189, 1, 'gtpudmpdnm', NULL),
(190, 1, 'wjhu8w28e7', NULL),
(191, 1, 'jo985ejthz', NULL),
(192, 1, 'yg8tu2hcay', NULL),
(193, 1, '7m8mza4maa', NULL),
(194, 1, 'no2558aket', NULL),
(195, 1, 'e4vghzgtzs', NULL),
(196, 1, '3y82hzknhf', NULL),
(197, 1, 'h6yv42cwjc', NULL),
(198, 1, 'uajodkm9ar', NULL),
(199, 1, 'dkxwxpy2f8', NULL),
(200, 1, 'k56hu5zmgv', NULL),
(201, 1, '87sszjk8j5', NULL),
(202, 1, 'yuazk3vcr6', NULL),
(203, 1, 'pby5kevsw3', NULL),
(204, 1, 'kfvyct7q3o', NULL),
(205, 1, 'cg9ft2crj5', NULL),
(206, 1, 'w5exoaevpn', NULL),
(207, 1, 'atm7cjvp8c', NULL),
(208, 1, 'phnbcgyys8', NULL),
(209, 1, '25t7zv6xdv', NULL),
(210, 1, 'n7zkv9foas', NULL),
(211, 1, 'bpzkov5xeo', NULL),
(212, 1, '7nju3gdtjx', NULL),
(213, 1, 'bpgeqjjyrj', NULL),
(214, 1, 'egv4oqw42d', NULL),
(215, 1, '4wjtzvmrjw', NULL),
(216, 1, 's4gfja9ft7', NULL),
(217, 1, 'zughnkpgn6', NULL),
(218, 1, 'qoczs998xb', NULL),
(219, 1, '3gx7532vn6', NULL),
(220, 1, 'fe3wqbvwj3', NULL),
(221, 1, 'vbsfsk68oq', NULL),
(222, 1, 'x2x6d654tr', NULL),
(223, 1, 'xpr6f5c3j6', NULL),
(224, 1, 'k35ujooebp', NULL),
(225, 1, '53cgj4epe3', NULL),
(226, 1, 'acy5h4mzgc', NULL),
(227, 1, '6sbzysd8fm', NULL),
(228, 1, 'wuro6c4eq7', NULL),
(229, 1, 'me6csn6egf', NULL),
(230, 1, '3vbae37rvk', NULL),
(231, 1, 'vyg6k967wf', NULL),
(232, 1, 'oaznkotvhu', NULL),
(233, 1, 'obp5eqebzg', NULL),
(234, 1, 'ooy6wn2kxd', NULL),
(235, 1, 'we87spk9yj', NULL),
(236, 1, 'n5bhat3954', NULL),
(237, 1, 'qdfwo9dza9', NULL),
(238, 1, 'canjg5oudx', NULL),
(239, 1, 'du96hdxsmu', NULL),
(240, 1, 'xuasf7vnxm', NULL),
(241, 1, '8zaxqvroye', NULL),
(242, 1, '4a6wzect7u', NULL),
(243, 1, 'yzjxmvwqmd', NULL),
(244, 1, '8jryj34c3z', NULL),
(245, 1, 'zkej93kx47', NULL),
(246, 1, '5peykd5g75', NULL),
(247, 1, '772uq8w5ac', NULL),
(248, 1, '8kn29o85oc', NULL),
(249, 1, 'zp9kbvtzym', NULL),
(250, 1, 'kr7kxt53w8', NULL),
(251, 1, 'v7cd26akxz', NULL),
(252, 1, '6jzvamkvhp', NULL),
(253, 1, 'v6kt5uab5m', NULL),
(254, 1, 'onynxyqqyc', NULL),
(255, 1, 'b8m6mu9b4r', NULL),
(256, 1, 'adkpo2n7rz', NULL),
(257, 1, 'c568s3fjxz', NULL),
(258, 1, '7p5thtsbpw', NULL),
(259, 1, 'hzttvktw2o', NULL),
(260, 1, '6uc4rrkkjn', NULL),
(261, 1, 'c96k7u35yy', NULL),
(262, 1, 'juafgdgap9', NULL),
(263, 1, 'qr5fdfaatp', NULL),
(264, 1, 'yv96jkm3zj', NULL),
(265, 1, '53v7fmpgzz', NULL),
(266, 1, 'h938t7qedm', NULL),
(267, 1, '8y9896tjw6', NULL),
(268, 1, 'qkkm3bz6dp', NULL),
(269, 1, 'gmqgtjy7e6', NULL),
(270, 1, 'kgt7rpjee8', NULL),
(271, 1, 'xgbgoz8w2b', NULL),
(272, 1, 'bhvgpdy9mh', NULL),
(273, 1, 'v3hmazq8gt', NULL),
(274, 1, 'pjnoq656dv', NULL),
(275, 1, 'ydjcs4mzzk', NULL),
(276, 1, '6q98pn8wkj', NULL),
(277, 1, '663b3z5s9z', NULL),
(278, 1, 'qqskjpj6dd', NULL),
(279, 1, 'e3o2x9ysek', NULL),
(280, 1, 'z4jgnadnec', NULL),
(281, 1, 'ovn6vwbnub', NULL),
(282, 1, 'gctgvkgkc8', NULL),
(283, 1, 'hktystg4o7', NULL),
(284, 1, 'ts6hsqy5s8', NULL),
(285, 1, '3kw4yqkxqz', NULL),
(286, 1, '88dk6v6khp', NULL),
(287, 1, 'zwkx8x3pt8', NULL),
(288, 1, 'wenwk3agot', NULL),
(289, 1, '5c45eku3x9', NULL),
(290, 1, 'aq4knrvqtt', NULL),
(291, 1, 'mfw4kdr5b3', NULL),
(292, 1, 'ufc6gqp22x', NULL),
(293, 1, 'c7vkufd2qv', NULL),
(294, 1, 'kgszcnobkg', NULL),
(295, 1, '8ausy98e4e', NULL),
(296, 1, 'u5x7bw48jv', NULL),
(297, 1, 'fn4k48vxuk', NULL),
(298, 1, '5wvjkz3efg', NULL),
(299, 1, '4vvvrs4ur7', NULL),
(300, 1, 'n7wkezrz4y', NULL),
(301, 1, 'gz2ku269kq', NULL),
(302, 1, 'gabex49cau', NULL),
(303, 1, 'sdpxox4vt5', NULL),
(304, 1, 'b3cmfup4gq', NULL),
(305, 1, '52r2n74hnz', NULL),
(306, 1, 'wfz4bdm8q9', NULL),
(307, 1, 'fsf52ymsh9', NULL),
(308, 1, 'cagkjh27zn', NULL),
(309, 1, 'nx8v27ntmk', NULL),
(310, 1, 'ynf4kf4j2d', NULL),
(311, 1, 'ao2d3hou48', NULL),
(312, 1, 'ue9yowfeew', NULL),
(313, 1, '42wzup4ydv', NULL),
(314, 1, 'ncebhg3j4e', NULL),
(315, 1, 'a78vtpxdx6', NULL),
(316, 1, 'bhf3mpugfk', NULL),
(317, 1, 'vrzqdg632f', NULL),
(318, 1, '3cjdebrem6', NULL),
(319, 1, 'e5va3age3b', NULL),
(320, 1, '4g2or9fkeu', NULL),
(321, 1, '9qkhw4yuec', NULL),
(322, 1, '5qcfceqbu5', NULL),
(323, 1, 'fb6fmqkbac', NULL),
(324, 1, 'x7zj5yoouw', NULL),
(325, 1, 'uz6do4mgho', NULL),
(326, 1, 'ngj2uevgzf', NULL),
(327, 1, 'avt8bdo5nk', NULL),
(328, 1, 'tordmry9ab', NULL),
(329, 1, 'ky7fxowwhu', NULL),
(330, 1, '2ydmuykucy', NULL),
(331, 1, 'd3seuoqvva', NULL),
(332, 1, 'h9kgdxqqtv', NULL),
(333, 1, 'c8q4f48zt9', NULL),
(334, 1, 'ebfmx3z7ne', NULL),
(335, 1, 'vn8dph273a', NULL),
(336, 1, 'japty478xu', NULL),
(337, 1, 'x9ff59pvus', NULL),
(338, 1, 'hw64ffj8n8', NULL),
(339, 1, 'vpafq3nat4', NULL),
(340, 1, 'vrd6s584rj', NULL),
(341, 1, 'ntxczea9cn', NULL),
(342, 1, '4hr5h4ynbq', NULL),
(343, 1, '27ukkmdcrd', NULL),
(344, 1, 'tturstt74v', NULL),
(345, 1, 'euhag24qet', NULL),
(346, 1, '2pccuhsmsr', NULL),
(347, 1, 'pdwt3qrr3h', NULL),
(348, 1, 'c6umvmh4dc', NULL),
(349, 1, '5q5hjdf5ed', NULL),
(350, 1, 'p3dt5dfr5z', NULL),
(351, 1, 'rqdkt7cmkz', NULL),
(352, 1, '92h5dot9by', NULL),
(353, 1, 'x2q329vcx5', NULL),
(354, 1, 'sgg9cc65rx', NULL),
(355, 1, 'pob2rk8twy', NULL),
(356, 1, 'q6oae67dut', NULL),
(357, 1, 'zstcq8te5j', NULL),
(358, 1, 'wjmudx6qd4', NULL),
(359, 1, 'bobe8zrjd9', NULL),
(360, 1, 'uz2rj3te8s', NULL),
(361, 1, '5fpcyvb59v', NULL),
(362, 1, 'q5zcqvgj4e', NULL),
(363, 1, 'hneayveq65', NULL),
(364, 1, '8txjqerows', NULL),
(365, 1, '83d3fzroh7', NULL),
(366, 1, '2ettq9yzwh', NULL),
(367, 1, 's8ok8ktbrn', NULL),
(368, 1, 'umzrec9hrs', NULL),
(369, 1, 'dkfpy8ncbr', NULL),
(370, 1, 'og2b7gr9n2', NULL),
(371, 1, 'xx9v4j7yso', NULL),
(372, 1, 'tgepxmyjt5', NULL),
(373, 1, 'xw636aa6z6', NULL),
(374, 1, 'pjhv9h6gbv', NULL),
(375, 1, 'azmkmv5hsh', NULL),
(376, 1, 'o4j4ajqcfm', NULL),
(377, 1, 'oxnwaxd4uf', NULL),
(378, 1, '4ph66tdqyq', NULL),
(379, 1, 'ckot922chg', NULL),
(380, 1, '4cpuy8sytg', NULL),
(381, 1, '63jrs5jnww', NULL),
(382, 1, '9xjytpdp6n', NULL),
(383, 1, 'qbryou8mop', NULL),
(384, 1, 'v3n2n8qg3v', NULL),
(385, 1, 'tducxch39v', NULL),
(386, 1, 'st7o6zk6ax', NULL),
(387, 1, 'anhgh78tns', NULL),
(388, 1, 'grwvxbrb7h', NULL),
(389, 1, 'wydfn77zpr', NULL),
(390, 1, 'w5yj2m6aub', NULL),
(391, 1, 'jyd67jbejo', NULL),
(392, 1, 'exqhamumqz', NULL),
(393, 1, 'usbe9we2xh', NULL),
(394, 1, '5f3gvy4dtq', NULL),
(395, 1, '2oqh2dh6zm', NULL),
(396, 1, 'mu6kr3eqs5', NULL),
(397, 1, 'sgfvkzkrmv', NULL),
(398, 1, 'jukm8o78pr', NULL),
(399, 1, '5uud42mc5d', NULL),
(400, 1, '49r45oqodc', NULL),
(401, 1, 'zoa76hzpka', NULL),
(402, 1, 'sr9mrwbve5', NULL),
(403, 1, 'pfg2a3gcsh', NULL),
(404, 1, 'qpt63xgj66', NULL),
(405, 1, '3cuwtupb4n', NULL),
(406, 1, 'cz4nnnaef5', NULL),
(407, 1, 'b3uo36rbrc', NULL),
(408, 1, 'zdppb32sug', NULL),
(409, 1, '3ee9rb9jjh', NULL),
(410, 1, 'eo5u92x8kv', NULL),
(411, 1, 'kdv7efvbpg', NULL),
(412, 1, 'yy8fetukyd', NULL),
(413, 1, 'rfrenkbc54', NULL),
(414, 1, 'bcd8e5kksq', NULL),
(415, 1, 'rxb6aj2sa3', NULL),
(416, 1, 'vwqqe3nkmq', NULL),
(417, 1, 'adz7qutrmv', NULL),
(418, 1, 'qmvzxvcubd', NULL),
(419, 1, 'uyv6ccatco', NULL),
(420, 1, 'rwyt4duxef', NULL),
(421, 1, '369v9f5br3', NULL),
(422, 1, 'toqxphtcn4', NULL),
(423, 1, 'uqv88hugrj', NULL),
(424, 1, '68nhwrfndn', NULL),
(425, 1, 'pkgw8v25v3', NULL),
(426, 1, '7yc5vvsxr5', NULL),
(427, 1, 'ned5857jb4', NULL),
(428, 1, '9uxbr9bgvy', NULL),
(429, 1, '3dw2korn8x', NULL),
(430, 1, 'kbhvetua46', NULL),
(431, 1, 'd6rcar8qd9', NULL),
(432, 1, 'rowkos3xe7', NULL),
(433, 1, '2xv9pm8snc', NULL),
(434, 1, 'cjbfb5cttr', NULL),
(435, 1, '3pv4ckhem4', NULL),
(436, 1, 'ytjsew4x8c', NULL),
(437, 1, '3ash8fwjtk', NULL),
(438, 1, 'gx4x6xbj6a', NULL),
(439, 1, '2cnj5rupu7', NULL),
(440, 1, 'ndr4gkdgvr', NULL),
(441, 1, '9ouvb8d9p9', NULL),
(442, 1, '3rryp32drn', NULL),
(443, 1, 'x9mp975668', NULL),
(444, 1, 'pd78pjskzf', NULL),
(445, 1, 'br6832kpsv', NULL),
(446, 1, '83oyn2zaz5', NULL),
(447, 1, '864re38k5q', NULL),
(448, 1, '2j5kkyd72d', NULL),
(449, 1, 'eckxnvdrxq', NULL),
(450, 1, 'gyw7ru2je6', NULL),
(451, 1, 'f64dbbgxgd', NULL),
(452, 1, 'vke9fp6hq8', NULL),
(453, 1, 'wt6ba283k8', NULL),
(454, 1, '9ekwhdbnr2', NULL),
(455, 1, 'jae9sm9ffg', NULL),
(456, 1, '886wzjerf8', NULL),
(457, 1, 'pqnay3eugb', NULL),
(458, 1, 'au74jjd2d9', NULL),
(459, 1, 'dvjw6rzfa8', NULL),
(460, 1, 'y66uquftfr', NULL),
(461, 1, 't2g4jf5f6w', NULL),
(462, 1, 'wenahno9xf', NULL),
(463, 1, 'you2zok3ec', NULL),
(464, 1, '3xdnquewsv', NULL),
(465, 1, 'oms72rxc97', NULL),
(466, 1, 'qrbzqudtwp', NULL),
(467, 1, '5ufuv86nua', NULL),
(468, 1, 'q38978sxgm', NULL),
(469, 1, 'ko6dc77das', NULL),
(470, 1, 'yd92ud3nvx', NULL),
(471, 1, '27pok3qspw', NULL),
(472, 1, 'zognqyyhbq', NULL),
(473, 1, 'btv2dyrhnb', NULL),
(474, 1, 'kwqvv6n7az', NULL),
(475, 1, 'rehavvtxwa', NULL),
(476, 1, 'm2vph4rx83', NULL),
(477, 1, 'sd3xmtxtft', NULL),
(478, 1, 'cv5845hcxj', NULL),
(479, 1, 'xcoun9yh7r', NULL),
(480, 1, 'nt287od6ot', NULL),
(481, 1, 'w4kxevwu57', NULL),
(482, 1, '8vdxkv63nw', NULL),
(483, 1, 'nfv9kxqydg', NULL),
(484, 1, 'rv9m6qvgyw', NULL),
(485, 1, 'ybhdm2n69y', NULL),
(486, 1, 'h59z8y23sx', NULL),
(487, 1, '6xu36kccu7', NULL),
(488, 1, 'umqd3r75fp', NULL),
(489, 1, 'pg8ptqk77h', NULL),
(490, 1, 'f5akym2yts', NULL),
(491, 1, 'gpuqau48b6', NULL),
(492, 1, '4gy2ooup5a', NULL),
(493, 1, 'p7o9zb5uzg', NULL),
(494, 1, '58ue2ebsp8', NULL),
(495, 1, 'p4eb3h7u4j', NULL),
(496, 1, 'v6ccn6cnms', NULL),
(497, 1, 'xkp9qfq3vs', NULL),
(498, 1, 'vkytzfyjnw', NULL),
(499, 1, '95ot33s4gu', NULL),
(500, 1, 'omco8mvopw', NULL),
(501, 1, 'drujgqmpuc', NULL),
(502, 1, 'dy8h6ahsqh', NULL),
(503, 1, '9a8yb79vn5', NULL),
(504, 1, 'b3nqhy57xd', NULL),
(505, 1, 'caudv6vtbq', NULL),
(506, 1, 'tphe85uabd', NULL),
(507, 1, 'cpp8gvthuj', NULL),
(508, 1, 'u86ncwj227', NULL),
(509, 1, '2f2bqdffsj', NULL),
(510, 1, 'aj5b8845xo', NULL),
(511, 1, 'qm6on9okpj', NULL),
(512, 1, 'qzod6b574x', NULL),
(513, 1, 'way7jvv9g6', NULL),
(514, 1, '5wtpn6dcjp', NULL),
(515, 1, '7ewtajen2t', NULL),
(516, 1, 'u4fhxh45gq', NULL),
(517, 1, 'kvo4an2p5g', NULL),
(518, 1, 'pbk8ynagz3', NULL),
(519, 1, 'jwfmw25cfe', NULL),
(520, 1, 'est456ac8u', NULL),
(521, 1, '4x2meqh2ym', NULL),
(522, 1, 'mnwdd8jyag', NULL),
(523, 1, '6zffkt2xpk', NULL),
(524, 1, 'ncfcmchvet', NULL),
(525, 1, 'o83e473c4w', NULL),
(526, 1, '2aoxzyk9b5', NULL),
(527, 1, '8orkn8jp7p', NULL),
(528, 1, 'soh25kpzua', NULL),
(529, 1, 'endzv77yor', NULL),
(530, 1, 'rx4hzu6bas', NULL),
(531, 1, '5j3gkheck7', NULL),
(532, 1, 'e22fbhmyes', NULL),
(533, 1, '535teygd5j', NULL),
(534, 1, 'o9pq2942gs', NULL),
(535, 1, '3zwfdhrzna', NULL),
(536, 1, '7nqegtw53p', NULL),
(537, 1, 'rqf9b8ha4u', NULL),
(538, 1, 'juyhcb226z', NULL),
(539, 1, '3ucuycedtj', NULL),
(540, 1, '9oe3nzd49p', NULL),
(541, 1, 'ttkr5qa9av', NULL),
(542, 1, 'yfhwsg8hmu', NULL),
(543, 1, 't9pjw9vxnt', NULL),
(544, 1, '8jkw4atu5n', NULL),
(545, 1, '4vos44h2x8', NULL),
(546, 1, '6hcxrktfej', NULL),
(547, 1, 'z2a5m5tngt', NULL),
(548, 1, 'sbwcrerw9a', NULL),
(549, 1, 'fsyue9data', NULL),
(550, 1, 'wf9uhtgprm', NULL),
(551, 1, '3s2vt7wf9k', NULL),
(552, 1, 'c4rjrnusxz', NULL),
(553, 1, '6qrhhngqnw', NULL),
(554, 1, 'er5jjwch8v', NULL),
(555, 1, '33nptzksr2', NULL),
(556, 1, 'ayjatt4aqt', NULL),
(557, 1, 'xxteuf3utq', NULL),
(558, 1, '8663nxhw4y', NULL),
(559, 1, 'ag6thg4jor', NULL),
(560, 1, '6n66pwkrw5', NULL),
(561, 1, 'p4hdb3a8h2', NULL),
(562, 1, 'jxz4ygnba3', NULL),
(563, 1, 'myjucxn2qn', NULL),
(564, 1, '9xao7bpaz8', NULL),
(565, 1, 'w2odw8rvvs', NULL),
(566, 1, '3w2nbxe7ph', NULL),
(567, 1, 'gzgtrgp9vd', NULL),
(568, 1, 'edf6eehk8y', NULL),
(569, 1, 'xpazhrnoxk', NULL),
(570, 1, 'zby4t2muvz', NULL),
(571, 1, 'dq77z86k42', NULL),
(572, 1, '8rrz34yrb6', NULL),
(573, 1, 'pocm9keshm', NULL),
(574, 1, 'ygmdw5bhj8', NULL),
(575, 1, 'tmvoanwh93', NULL),
(576, 1, '75wm9cb9hb', NULL),
(577, 1, 'q8gp6j3qef', NULL),
(578, 1, 'occp6pnf7w', NULL),
(579, 1, 'rzefqry9a9', NULL),
(580, 1, '39v84eeej6', NULL),
(581, 1, 'wo7rmrudj7', NULL),
(582, 1, '8x3jttfcr2', NULL),
(583, 1, 'fm7efr9nnr', NULL),
(584, 1, 'oysuqvr8h2', NULL),
(585, 1, 'ugfec9owps', NULL),
(586, 1, 'g4pszuy99k', NULL),
(587, 1, 'dvvjufvkjv', NULL),
(588, 1, 'y247n7sqz4', NULL),
(589, 1, 'opkkww2a5o', NULL),
(590, 1, 'fjgczk584c', NULL),
(591, 1, 'wdtja3dnkt', NULL),
(592, 1, 'w5sz68s4ab', NULL),
(593, 1, 'wtyzn4vk24', NULL),
(594, 1, 'pytn66xyte', NULL),
(595, 1, 'tusv8xpcgb', NULL),
(596, 1, '2g9wz5nhag', NULL),
(597, 1, 't3a9jzvvgm', NULL),
(598, 1, '9dr8ckrwy7', NULL),
(599, 1, '7s26sqjr99', NULL),
(600, 1, 'dqt6vr9f67', NULL),
(601, 1, 'wku6bw4hag', NULL),
(602, 1, 'ak338yvuyw', NULL),
(603, 1, 'vqjw9o67c3', NULL),
(604, 1, 'z3tr5mbwy9', NULL),
(605, 1, '964erb65hh', NULL),
(606, 1, 'p4p5d9m6kp', NULL),
(607, 1, 'x36zhjzf7c', NULL),
(608, 1, '84og2o6w4m', NULL),
(609, 1, 'b8jyvfxw86', NULL),
(610, 1, '7epnx59md8', NULL),
(611, 1, 'pdcc8w5ddr', NULL),
(612, 1, 'n26onzz9n8', NULL),
(613, 1, 'rzvh24yw63', NULL),
(614, 1, 'agz38jgu9x', NULL),
(615, 1, '5www2edqxu', NULL),
(616, 1, 'kp8gfjk7xv', NULL),
(617, 1, 'zwrhky7h4s', NULL),
(618, 1, '9b3ncsm5b5', NULL),
(619, 1, 'twbkycg95x', NULL),
(620, 1, '3fgu5ggmdu', NULL),
(621, 1, '4c7rvap4tw', NULL),
(622, 1, '5moabgjbc4', NULL),
(623, 1, '3cnyhk76xg', NULL),
(624, 1, 'c9tqtnte7w', NULL),
(625, 1, 'ny2a37oems', NULL),
(626, 1, 'r4vg9e4ed8', NULL),
(627, 1, 'k59nvchu8z', NULL),
(628, 1, 'ehwtptn82r', NULL),
(629, 1, 'vhvp3bvk5k', NULL),
(630, 1, 'dzgp8t3s2g', NULL),
(631, 1, '2ydp65sz2v', NULL),
(632, 1, '8n49svrby7', NULL),
(633, 1, '2mohvjobto', NULL),
(634, 1, '6v9tgr2xuj', NULL),
(635, 1, 'e638ch3e4h', NULL),
(636, 1, 'ccq3sk2xyp', NULL),
(637, 1, 'j6dprqawof', NULL),
(638, 1, 'vjpmwckr2a', NULL),
(639, 1, 'stptvgekgg', NULL),
(640, 1, 'bgn4oh6smp', NULL),
(641, 1, 'mejzxe4a7m', NULL),
(642, 1, '2pyz3df4ug', NULL),
(643, 1, 'vqo7utmm9k', NULL),
(644, 1, 'ejow8yrgoh', NULL),
(645, 1, 'j6sbq7tuhq', NULL),
(646, 1, 'o5qgs5s74p', NULL),
(647, 1, 'ws3jdqume8', NULL),
(648, 1, 'wd8sepsc7v', NULL),
(649, 1, 'dbooafzn6w', NULL),
(650, 1, 'zsa4ouemtg', NULL),
(651, 1, 'qkd394cqe8', NULL),
(652, 1, 'hmmu4y25ab', NULL),
(653, 1, '9omgfmutgo', NULL),
(654, 1, '88kacg4e3y', NULL),
(655, 1, 'b8wwfrcbme', NULL),
(656, 1, 'pjm3xwozhd', NULL),
(657, 1, 'qotr6usjsd', NULL),
(658, 1, 'w9wdwr3563', NULL),
(659, 1, 'j53xmkyg2w', NULL),
(660, 1, 'gfgmr42znx', NULL),
(661, 1, 'mqvmna6okg', NULL),
(662, 1, 'x997x85ewk', NULL),
(663, 1, 'adv9q5vh9b', NULL),
(664, 1, 'roapqdowcv', NULL),
(665, 1, 'g9aufmndxe', NULL),
(666, 1, 'ggb2qmcsuf', NULL),
(667, 1, 'rohv95uztg', NULL),
(668, 1, 'gnamcjvd8u', NULL),
(669, 1, '3yvwgcw9sd', NULL),
(670, 1, 'qpv89bzjag', NULL),
(671, 1, '22vwpesvyt', NULL),
(672, 1, 'qt4d56tnw7', NULL),
(673, 1, 'fqdba2cet9', NULL),
(674, 1, 'a83oujx5fh', NULL),
(675, 1, 'vtzudxc7n5', NULL),
(676, 1, 'g5xp5adhqc', NULL),
(677, 1, '5uzueuuut5', NULL),
(678, 1, 'zkbw8sav95', NULL),
(679, 1, 'erwjrq4nvh', NULL),
(680, 1, 's8sowpnuxd', NULL),
(681, 1, 'guwrnk3nor', NULL),
(682, 1, 'y326pofnvy', NULL),
(683, 1, 'sxyejmc6gy', NULL),
(684, 1, 'vtah6jaxv6', NULL),
(685, 1, 'myvc94avag', NULL),
(686, 1, '2zqtd5m6q5', NULL),
(687, 1, '7vcbw5wqej', NULL),
(688, 1, 'z6vf65mvd4', NULL),
(689, 1, 'sdpahx35dy', NULL),
(690, 1, '66sof4m3yr', NULL),
(691, 1, '55xohqktyj', NULL),
(692, 1, 'wpxr6j3bay', NULL),
(693, 1, 'fdztpuncjv', NULL),
(694, 1, '33djch545b', NULL),
(695, 1, 'n48yschspf', NULL),
(696, 1, '4nhbs34r26', NULL),
(697, 1, 'twks5ovv8a', NULL),
(698, 1, 'tgd5yuc73j', NULL),
(699, 1, '5duoy2wz4j', NULL),
(700, 1, 'gk7rwdhjdf', NULL),
(701, 1, 'puapogkt3w', NULL),
(702, 1, '498nkpjwte', NULL),
(703, 1, 'vqd8j3d2qp', NULL),
(704, 1, 't8yqdshyhf', NULL),
(705, 1, '9u3v2p2fm7', NULL),
(706, 1, '48mnjsn69r', NULL),
(707, 1, '9msams9e9o', NULL),
(708, 1, 'vuqrhvg8fy', NULL),
(709, 1, '5xwfqyhxu7', NULL),
(710, 1, 'j7bsauj8v8', NULL),
(711, 1, '43zr92hx6e', NULL),
(712, 1, '23twuyxbns', NULL),
(713, 1, 'mouzbgr6ve', NULL),
(714, 1, 'e4rrqv85m2', NULL),
(715, 1, 'xmre6ndmd9', NULL),
(716, 1, 'zw7z7knkth', NULL),
(717, 1, 'nqd78q6kmr', NULL),
(718, 1, 'k8y5fqefr5', NULL),
(719, 1, 'gnasvxyvvg', NULL),
(720, 1, 'zp6sngcebb', NULL),
(721, 1, 'cggpkxve4t', NULL),
(722, 1, 'j3ydvvvwv6', NULL),
(723, 1, '6cecnkrku9', NULL),
(724, 1, '4dnn3bcbgy', NULL),
(725, 1, 'unrx6sad5w', NULL),
(726, 1, 'hmnjy2sv8d', NULL),
(727, 1, 'pjckg6zf7x', NULL),
(728, 1, '87vr4ykbrd', NULL),
(729, 1, 'zd87rrf4cf', NULL),
(730, 1, 'm7nu4kha55', NULL),
(731, 1, 'bgyaatrxgp', NULL),
(732, 1, 'd3g8jvpx85', NULL),
(733, 1, 'ny58vzg3w8', NULL),
(734, 1, 'hwop9a5jrb', NULL),
(735, 1, 'eheffzeytk', NULL),
(736, 1, 'ngure796u2', NULL),
(737, 1, 'b3pkfgbtkp', NULL),
(738, 1, 'wqfbsaxotu', NULL),
(739, 1, 'jt5fssdkc2', NULL),
(740, 1, 'taoocxqdxt', NULL),
(741, 1, '2bgwfpwd9d', NULL),
(742, 1, 'zqjx8o9aap', NULL),
(743, 1, 'ywwdsndpg9', NULL),
(744, 1, 'ne49s9jf5x', NULL),
(745, 1, '8n4ggxfaqj', NULL),
(746, 1, 'xesehznpwj', NULL),
(747, 1, 'tkxwjcf2y6', NULL),
(748, 1, 'wnh7cj9uoc', NULL),
(749, 1, '6qnywfe7d2', NULL),
(750, 1, '8eoduqyb5e', NULL),
(751, 1, '3ccn7kekgv', NULL),
(752, 1, 'rfvwh2e3d2', NULL),
(753, 1, 'nfndqzuj2g', NULL),
(754, 1, 'zqfkpwufvs', NULL),
(755, 1, 'kzadams6zy', NULL),
(756, 1, '2bpmw97suq', NULL),
(757, 1, '6a25zw28ux', NULL),
(758, 1, 'x28tvvccva', NULL),
(759, 1, '6dma8cv4gx', NULL),
(760, 1, 'qd4tsxdzob', NULL),
(761, 1, '3ehfebrtse', NULL),
(762, 1, 'zupf7r3y6r', NULL),
(763, 1, '4nq6g3zb9q', NULL),
(764, 1, 'yy6wvd4o22', NULL),
(765, 1, 'f9npvyhgxa', NULL),
(766, 1, 'mb8t3ghb59', NULL),
(767, 1, 'gocg97jkyk', NULL),
(768, 1, 'vtjzd9a3zy', NULL),
(769, 1, 'd5sppjwhaa', NULL),
(770, 1, '65d77ntsds', NULL),
(771, 1, '4ggm2bee72', NULL),
(772, 1, 'tyrb3xfa8u', NULL),
(773, 1, '234vxukn2t', NULL),
(774, 1, 'unsatoq45u', NULL),
(775, 1, 'ej2rwyujvt', NULL),
(776, 1, 'd56ayjzdjn', NULL),
(777, 1, 'vw2ad8dmhp', NULL),
(778, 1, 'jmvd4yy7aw', NULL),
(779, 1, 'bpxb2gy7xb', NULL),
(780, 1, 'aopgoqzwm7', NULL),
(781, 1, '9qqoh3ga3u', NULL),
(782, 1, 'nyt9nnukbk', NULL),
(783, 1, '29mjrm8wq2', NULL),
(784, 1, '8c7fwuog7o', NULL),
(785, 1, 'swhefxpgau', NULL),
(786, 1, 'kqo5xrrwpe', NULL),
(787, 1, 'c6pmy5nds6', NULL),
(788, 1, 'up47bmms9y', NULL),
(789, 1, 'wv72pra4ac', NULL),
(790, 1, 'omw67p22mp', NULL),
(791, 1, '3jsox3y6ob', NULL),
(792, 1, '7q2ehjbu2k', NULL),
(793, 1, '95n6zprfbb', NULL),
(794, 1, '8ncngh47rf', NULL),
(795, 1, 'b87af476u7', NULL),
(796, 1, 'fqwg6dkhb8', NULL),
(797, 1, 's3aqcd45vc', NULL),
(798, 1, 's9acqonvwu', NULL),
(799, 1, 'tada6f3pbo', NULL),
(800, 1, 'db7pj4wjj7', NULL),
(801, 1, 'rdu4oa7esb', NULL),
(802, 1, 'ww4k3df2cu', NULL),
(803, 1, '4uykncnhmw', NULL),
(804, 1, 'oxaoew63rr', NULL),
(805, 1, '6uwkmtur4k', NULL),
(806, 1, 'a6acfq26td', NULL),
(807, 1, '3kt46n6noe', NULL),
(808, 1, '7sruy5aozy', NULL),
(809, 1, 'f8dtsc6kbg', NULL),
(810, 1, '6sp7qz29j4', NULL),
(811, 1, 'a2txnownbj', NULL),
(812, 1, 'ecgsxd8ts6', NULL),
(813, 1, 'yv352p8zwe', NULL),
(814, 1, 'wnqt2w4jz2', NULL),
(815, 1, 'kfc4bdaxat', NULL),
(816, 1, 'cjo7mxyudx', NULL),
(817, 1, '2ccwdqbxsv', NULL),
(818, 1, 'v254enp529', NULL),
(819, 1, 'tjb85njrcs', NULL),
(820, 1, 'yjtnh68e7v', NULL),
(821, 1, 'n4oyts4xzm', NULL),
(822, 1, 't3eazffztm', NULL),
(823, 1, '6x2yfr3nge', NULL),
(824, 1, '5nq522epas', NULL),
(825, 1, 'xtk5syrxcs', NULL),
(826, 1, '5azyn7knko', NULL),
(827, 1, 'tjyreofnch', NULL),
(828, 1, 'opmmoj3r4p', NULL),
(829, 1, 'f579s323py', NULL),
(830, 1, 'h9mq2ofr4o', NULL),
(831, 1, '5gdtfshx4q', NULL),
(832, 1, '8kfsd6k3po', NULL),
(833, 1, '33okmc5vs4', NULL),
(834, 1, '839yw468mc', NULL),
(835, 1, '5zr4u44p45', NULL),
(836, 1, 'jm9j6k9e7g', NULL),
(837, 1, 'nn75ovvd63', NULL),
(838, 1, 's8xnpjmp74', NULL),
(839, 1, 't4ekhuwkkg', NULL),
(840, 1, 'xtpackac33', NULL),
(841, 1, 'ed9nw3n9rb', NULL),
(842, 1, 't3jmh8xkkc', NULL),
(843, 1, 'vbjxyf9rf3', NULL),
(844, 1, '66tuxp49pm', NULL),
(845, 1, '3ahgkgnsvk', NULL),
(846, 1, '8gjr8yr4n5', NULL),
(847, 1, 'btnwv8q22o', NULL),
(848, 1, 'smnzd6swaz', NULL),
(849, 1, 'f2rawpstct', NULL),
(850, 1, 'nt2hmamvdy', NULL),
(851, 1, 'd5t93asoy6', NULL),
(852, 1, '3zvoc6s5uv', NULL),
(853, 1, 'n9rfgcby4m', NULL),
(854, 1, '4h6dyehjh5', NULL),
(855, 1, 'k9ab4pb3p7', NULL),
(856, 1, 'c5nngqta52', NULL),
(857, 1, 'x2fraogtz2', NULL),
(858, 1, 'qdrqrpaa7r', NULL),
(859, 1, 'kayaq2mevk', NULL),
(860, 1, '5dqs4wdv42', NULL),
(861, 1, 's2ko6tbb8x', NULL),
(862, 1, 'qfqu3xro62', NULL),
(863, 1, '5dywnaj92n', NULL),
(864, 1, 'ta4ca4xecf', NULL),
(865, 1, 'aa4svoghqg', NULL),
(866, 1, 'rc5kjz7ark', NULL),
(867, 1, 'njfmehcbtf', NULL),
(868, 1, 'dyrqxuy2dz', NULL),
(869, 1, 'fhkube5bvx', NULL),
(870, 1, 'zcrn5rtdtx', NULL),
(871, 1, 'gk7vf94dty', NULL),
(872, 1, '6ntcosqsy9', NULL),
(873, 1, '5xa99re3o8', NULL),
(874, 1, 'p8mag6emx9', NULL),
(875, 1, 'vg3nufj3gq', NULL),
(876, 1, 'fmgdwxt6ox', NULL),
(877, 1, 'tt8fd7dqwz', NULL),
(878, 1, '3mtojsqx48', NULL),
(879, 1, 'hjcabrp35e', NULL),
(880, 1, 'grgkr9gr3e', NULL),
(881, 1, 'vc3tqqjynk', NULL),
(882, 1, 'uyd4os8s9y', NULL),
(883, 1, 'wm8p53q6jn', NULL),
(884, 1, '7dqsyjudg8', NULL),
(885, 1, '4bsf9vwfcg', NULL),
(886, 1, 'pgdrvq377z', NULL),
(887, 1, '87corzmd3w', NULL),
(888, 1, '7r6u3wzfjr', NULL),
(889, 1, '5ajwqsvo5z', NULL),
(890, 1, 'uta7hturfk', NULL),
(891, 1, 'qx5wpgrmsr', NULL),
(892, 1, '7neq4qvqzu', NULL),
(893, 1, 'dwv3ur8445', NULL),
(894, 1, 'x6ysf6mwtd', NULL),
(895, 1, 'ey4fd96eds', NULL),
(896, 1, 'o48s9ho4nw', NULL),
(897, 1, 'frhv868sdh', NULL),
(898, 1, '5atrf4qedo', NULL),
(899, 1, 'dux9zu3bft', NULL),
(900, 1, 'xu4mw9rywn', NULL),
(901, 1, 'j74k7smdd9', NULL),
(902, 1, 'efr7unyjmx', NULL),
(903, 1, 'uy4auzn79p', NULL),
(904, 1, 'ecsvnav6zo', NULL),
(905, 1, '9bwewupwwf', NULL),
(906, 1, 'mo9vggyuux', NULL),
(907, 1, 'pjnevazs2d', NULL),
(908, 1, '3ddob29d9s', NULL),
(909, 1, '5z62q73hpo', NULL),
(910, 1, 'e6cczqvocd', NULL),
(911, 1, 'pbd62hvpah', NULL),
(912, 1, 'gwpqos2ud6', NULL),
(913, 1, 'cecfpejymd', NULL),
(914, 1, '6vgxn4vbne', NULL),
(915, 1, '86xnn6b9qo', NULL),
(916, 1, 'n48fatajoj', NULL),
(917, 1, 'o2j7puw2k8', NULL),
(918, 1, 'agdhye7xh7', NULL),
(919, 1, 'xrxuxh4w37', NULL),
(920, 1, 'kapkv8rfds', NULL),
(921, 1, 'bf9kwfbt5g', NULL),
(922, 1, '3e26htqkq7', NULL),
(923, 1, 'gzdsr9co65', NULL),
(924, 1, 'h9w8ppwnu6', NULL),
(925, 1, 'kt2xdygg85', NULL),
(926, 1, 'fes49f9mzv', NULL),
(927, 1, '9fxstbha6x', NULL),
(928, 1, 'qhno6kmhhj', NULL),
(929, 1, 'bhffnpd982', NULL),
(930, 1, 'e9zx2j24c7', NULL),
(931, 1, '4a4cuyk5vq', NULL),
(932, 1, 'grdurozcyt', NULL),
(933, 1, 'gkr2c7b7ex', NULL),
(934, 1, 'u9mwxc62yj', NULL),
(935, 1, 'eyvyu8642m', NULL),
(936, 1, '28m6kmzdyw', NULL),
(937, 1, '2k2tn4o5kx', NULL),
(938, 1, '93ksssjebu', NULL),
(939, 1, 'm55jhmrfb2', NULL),
(940, 1, '3z9tssgnue', NULL),
(941, 1, 'ngqyeq4stm', NULL),
(942, 1, 'ocf5np3o2d', NULL),
(943, 1, 'tmhqt7t9m2', NULL),
(944, 1, '7u6z4v27m6', NULL),
(945, 1, 'rbnkjxyvxd', NULL),
(946, 1, '4vthrbr65y', NULL),
(947, 1, 'r4rr3uq9hr', NULL),
(948, 1, 'ow5bs2vymm', NULL),
(949, 1, 'k8zz8rodc6', NULL),
(950, 1, '8mkaocn79e', NULL),
(951, 1, 'ukfz739vpj', NULL),
(952, 1, '9wnvjmg5gq', NULL),
(953, 1, 'qzvswj5a6c', NULL),
(954, 1, 'qf36rfazce', NULL),
(955, 1, 'whpr8c8h9m', NULL),
(956, 1, 'eoy4yfzgmh', NULL),
(957, 1, 'b7afhna2s8', NULL),
(958, 1, 'xam4mq9rk7', NULL),
(959, 1, 'awchmqosff', NULL),
(960, 1, 'fzfwnbj4fc', NULL),
(961, 1, 'yodututxup', NULL),
(962, 1, 'kxhrr43vjb', NULL),
(963, 1, '9tooo62ygk', NULL),
(964, 1, 'jsf4bfbaff', NULL),
(965, 1, '6jz5388bzp', NULL),
(966, 1, '297mufbzra', NULL),
(967, 1, 'b89qvo6k3d', NULL),
(968, 1, 'ekk57573x3', NULL),
(969, 1, 'zvfyxznwq7', NULL),
(970, 1, 'hyrap4dgne', NULL),
(971, 1, '4yfgz7vd82', NULL),
(972, 1, '89pq4g2xju', NULL),
(973, 1, 'b23pxp85wc', NULL),
(974, 1, 'w2manhtse5', NULL),
(975, 1, 'qb6pvmbkab', NULL),
(976, 1, 'ogmeax3hj3', NULL),
(977, 1, 'qhkh2rx3h9', NULL),
(978, 1, 'dj2bhg3kdj', NULL),
(979, 1, 'rmqwc855r3', NULL),
(980, 1, 'trh5em4abx', NULL),
(981, 1, 'uggym5r45c', NULL),
(982, 1, 'e24nqc6a87', NULL),
(983, 1, 'zsj5xgmd73', NULL),
(984, 1, 'exafb6m9bu', NULL),
(985, 1, 'mzvz6v9zv4', NULL),
(986, 1, 'nqtnpz2yvb', NULL),
(987, 1, 'pzyobdg9mg', NULL),
(988, 1, 'ko9hvm6xpr', NULL),
(989, 1, '68f8pz3dtd', NULL),
(990, 1, 'vghrjpkfa2', NULL),
(991, 1, 'f3rgccfuzj', NULL),
(992, 1, 'ba23weh8cr', NULL),
(993, 1, 'pok74mas35', NULL),
(994, 1, '2m65q9pf9y', NULL),
(995, 1, 'h6gru3cupe', NULL),
(996, 1, 'j5s4385hx8', NULL),
(997, 1, 'yfoakr2e5w', NULL),
(998, 1, '7qxy42wu9e', NULL),
(999, 1, 'qa9umpuqs9', NULL),
(1000, 1, 'gta3tdg459', NULL),
(1001, 1, 'gta3tdg459', NULL),
(1002, 2, 'wrwqomyz4v', NULL),
(1003, 2, 'zuqmtqrkj5', NULL),
(1004, 2, 'pkqbrnxxnp', NULL),
(1005, 2, 'hqu5vmpac6', NULL),
(1006, 2, 'kfo34d26yw', NULL),
(1007, 2, 't7vpw7sec5', NULL),
(1008, 2, 'zp5gr7a2mc', NULL),
(1009, 2, '7yh746y983', NULL),
(1010, 2, 'd4rqv3vb8t', NULL),
(1011, 2, 'qo7443shzs', NULL),
(1012, 2, 'vohdupxnk6', NULL),
(1013, 2, '5uawqo9rvu', NULL),
(1014, 2, 'fzjwzjnfmx', NULL),
(1015, 2, 'yxkef8g6zz', NULL),
(1016, 2, 'n8ufkrwaqj', NULL),
(1017, 2, 'n7fj2pr6oz', NULL),
(1018, 2, 'paxgsq9u46', NULL),
(1019, 2, 'sxbuwzkkab', NULL),
(1020, 2, '4zjqcuqw9y', NULL),
(1021, 2, 'rt2qzxb86r', NULL),
(1022, 2, 'vp4j68fv68', NULL),
(1023, 2, 'ut678d6ca5', NULL),
(1024, 2, 'hwteap6bd3', NULL),
(1025, 2, 'gjdn7ann7o', NULL),
(1026, 2, 'qk5px7xf9a', NULL),
(1027, 2, 's88yuqwjoo', NULL),
(1028, 2, 'ahej5o3uch', NULL),
(1029, 2, 'jefcr6kx2w', NULL),
(1030, 2, '2f53ba89wp', NULL),
(1031, 2, '7txqkkj68t', NULL),
(1032, 2, 'drorhhd8dj', NULL),
(1033, 2, 'ta9ftzjemb', NULL),
(1034, 2, 'ta9ftzjemb', NULL);

-- --------------------------------------------------------

--
-- 表的结构 `users`
--

CREATE TABLE `users` (
  `userID` int(11) NOT NULL,
  `uids` int(11) DEFAULT NULL,
  `username` varchar(30) DEFAULT NULL,
  `password` varchar(40) DEFAULT NULL,
  `status` int(11) DEFAULT NULL
) ENGINE=InnoDB DEFAULT CHARSET=utf8mb4;

--
-- 转存表中的数据 `users`
--

INSERT INTO `users` (`userID`, `uids`, `username`, `password`, `status`) VALUES
(17, NULL, 'xingcong', '5937ffad5ecd5f6dd9a83b83895e480f', NULL),
(22, NULL, 'xingrui', '5937ffad5ecd5f6dd9a83b83895e480f', NULL),
(23, NULL, 'wanghaitao', '39ce23694e88ab637365dd55b3deacb9', NULL),
(24, NULL, 'test', '47ec2dd791e31e2ef2076caf64ed9b3d', NULL);

--
-- Indexes for dumped tables
--

--
-- Indexes for table `client`
--
ALTER TABLE `client`
  ADD PRIMARY KEY (`clientID`);

--
-- Indexes for table `coupons`
--
ALTER TABLE `coupons`
  ADD PRIMARY KEY (`couponID`);

--
-- Indexes for table `users`
--
ALTER TABLE `users`
  ADD PRIMARY KEY (`userID`);

--
-- 在导出的表使用AUTO_INCREMENT
--

--
-- 使用表AUTO_INCREMENT `client`
--
ALTER TABLE `client`
  MODIFY `clientID` int(11) NOT NULL AUTO_INCREMENT, AUTO_INCREMENT=3;
--
-- 使用表AUTO_INCREMENT `coupons`
--
ALTER TABLE `coupons`
  MODIFY `couponID` int(11) NOT NULL AUTO_INCREMENT, AUTO_INCREMENT=1035;
--
-- 使用表AUTO_INCREMENT `users`
--
ALTER TABLE `users`
  MODIFY `userID` int(11) NOT NULL AUTO_INCREMENT, AUTO_INCREMENT=25;
/*!40101 SET CHARACTER_SET_CLIENT=@OLD_CHARACTER_SET_CLIENT */;
/*!40101 SET CHARACTER_SET_RESULTS=@OLD_CHARACTER_SET_RESULTS */;
/*!40101 SET COLLATION_CONNECTION=@OLD_COLLATION_CONNECTION */;
